FirstName,LastName,Email,Password,DOB
Gabi,Vest,gvest0@printfriendly.com,qOorO1H,6/7/94
Herman,Buxsy,hbuxsy1@shinystat.com,j4GA8KPno0VT,1/5/84
Sela,Goschalk,sgoschalk2@google.cn,U22aW3,5/5/90
Llewellyn,Iley,liley3@tamu.edu,y6svkPm,10/4/77
Trenton,Faudrie,tfaudrie4@sakura.ne.jp,kZC4V9d,5/24/73
Joye,Rawstorn,jrawstorn5@goo.gl,emUCMkVS,3/8/74
Lance,Rumbold,lrumbold6@unblog.fr,VYuvCWZ31HdP,12/21/14
Ysabel,Dyneley,ydyneley7@prlog.org,hISDJemXsS8,10/8/14
Alvinia,Gownge,agownge8@furl.net,3zkyYHlh8qGf,12/8/92
Veronica,Marguerite,vmarguerite9@purevolume.com,3zyx90tbcx,9/18/08
Arron,Bernetti,abernettia@utexas.edu,zyabUqy5,9/21/88
Wallas,Bean,wbeanb@wix.com,LME3weI,5/22/61
Jojo,Astley,jastleyc@jiathis.com,pDvfQ0L,8/7/13
Cathlene,Hagyard,chagyardd@sohu.com,bWGizdgWl4un,6/4/02
Ashia,Mathou,amathoue@biblegateway.com,Sv8hs8,8/2/19
Calhoun,Obispo,cobispof@skype.com,YPadNQ5gC,11/7/07
Tanney,Beagles,tbeaglesg@aboutads.info,Gb91lBY,12/27/70
Nathalie,Goosnell,ngoosnellh@studiopress.com,31Aiu2n,11/20/11
Paten,Largent,plargenti@booking.com,ZemCiJcWB,5/27/73
Darlene,Harrowell,dharrowellj@dropbox.com,1OaAPAI7wK,11/12/75
Truda,Assaf,tassafk@home.pl,fGaCKd0UfM,3/19/76
Yehudi,Lamprecht,ylamprechtl@loc.gov,do1KzCBBrb,3/29/90
Timmy,Butchart,tbutchartm@cpanel.net,Z09Bbr0r,8/27/81
Bridie,Raisbeck,braisbeckn@yahoo.com,wTRREn,1/2/82
Veronique,Fearon,vfearono@t-online.de,x2ZOCZDVAg,3/15/69
Kienan,Shelp,kshelpp@addthis.com,Mz5ZydAQK5J,2/8/78
Sonia,Worman,swormanq@pen.io,DxMcYIIY4,11/12/14
Conway,Gudde,cgudder@sbwire.com,b3sZWh2b2si,6/7/15
David,Hurdedge,dhurdedges@symantec.com,0XKYVX,5/13/01
Ashli,Pearch,apearcht@angelfire.com,L3Dj4TKcEvr,2/2/84
Deni,Miliffe,dmiliffeu@cornell.edu,4o1idAbFgg,7/9/93
Nanci,Metts,nmettsv@skype.com,s1K73yljQ,1/13/86
Connor,Spinozzi,cspinozziw@house.gov,wFnRsz5Bx7,9/30/62
Lucienne,Abramchik,labramchikx@paypal.com,FBwEZbS,5/7/16
Earl,Reilinger,ereilingery@studiopress.com,KO4nCrm,6/12/85
Callie,Daal,cdaalz@imdb.com,1g8HOP,10/12/16
Jordan,Loggie,jloggie10@yahoo.co.jp,jyiqa1JIq,8/31/74
Linell,Flanders,lflanders11@uol.com.br,Ukz1BOgA0C,4/19/91
Nadya,Woodroof,nwoodroof12@shareasale.com,7mGjOTv5h1z,9/19/08
Kalindi,Shimoni,kshimoni13@china.com.cn,CU5dPHEW5N,10/17/91
Lynna,Leyes,lleyes14@gravatar.com,JdYOQo,2/14/20
Alic,Poncet,aponcet15@ibm.com,nteKYhTu0Cf,7/10/19
Fiorenze,Bessett,fbessett16@parallels.com,LGyTM5n,11/13/76
Ole,Rintoul,orintoul17@indiegogo.com,XtGkMmb8Pk,2/8/02
Merrill,Biesterfeld,mbiesterfeld18@eventbrite.com,sR4E20kE,11/22/91
Cissy,Tothacot,ctothacot19@nps.gov,9qQ9L0,5/12/00
Shaw,Fitton,sfitton1a@springer.com,0Xeohl,1/6/78
Amelina,Mulderrig,amulderrig1b@sogou.com,MoI72hE,1/24/85
Nikolia,Gwilt,ngwilt1c@gmpg.org,c2DrU6xvWP,6/1/66
Dennie,Lukehurst,dlukehurst1d@histats.com,GA8DyN2VEqV,11/30/63
Abbie,Cran,acran1e@time.com,rGf5anwdYhH3,4/11/74
Lancelot,Fitzroy,lfitzroy1f@g.co,pTVNECKjOsb,10/31/92
Kleon,Leathers,kleathers1g@parallels.com,pBuZP64P4PQ,10/8/90
Alia,Kyttor,akyttor1h@who.int,274r3a1stnP,8/10/80
Jami,Najera,jnajera1i@ft.com,7faTP6S2g,8/16/13
Chilton,Deverell,cdeverell1j@slashdot.org,AsgWc2PAJ,10/31/83
Ralf,MacGiolla,rmacgiolla1k@dyndns.org,kr2bOtR,10/27/19
Guthry,Patience,gpatience1l@bluehost.com,g4X4WK,7/26/73
Stoddard,Sharnock,ssharnock1m@cpanel.net,BcV4xbbYSK,2/13/81
Frieda,Whifen,fwhifen1n@mail.ru,BSVun80Pxq,8/15/75
Sean,Upcott,supcott1o@unc.edu,Y5N1Ark1w,12/21/92
Hill,Perfect,hperfect1p@google.nl,CqmvFWJMpA,8/3/91
Fernandina,Atkyns,fatkyns1q@issuu.com,T6Hausw,11/17/63
Joshia,Gopsall,jgopsall1r@blogtalkradio.com,U5G45Sjs2bh3,8/21/67
Carmita,Winkell,cwinkell1s@blinklist.com,l1Q2Rie,6/5/11
Emilie,Flury,eflury1t@vimeo.com,DiCEFHODHhB,6/15/14
Wadsworth,Taylour,wtaylour1u@dagondesign.com,9EAnxIzO,5/20/13
Winn,Blitzer,wblitzer1v@newyorker.com,nSTOih9pTEM,1/4/17
Oby,Fick,ofick1w@networksolutions.com,2RTBOkp4Y,8/5/05
Nanette,Castello,ncastello1x@over-blog.com,NAGYe1B,4/9/14
Berny,Kembley,bkembley1y@prlog.org,O16xcH4XJY,2/23/96
Sarene,Jeffry,sjeffry1z@amazon.co.jp,S3gvioPW,10/24/90
Tarrah,Wolledge,twolledge20@sogou.com,z0KPDqhOLsC,11/4/03
Lyndsie,Alloway,lalloway21@archive.org,QDH0WCgZjU,3/20/06
Trip,Wenderoth,twenderoth22@skyrock.com,t5P4XWVDDbZ,6/27/75
Aundrea,Wrintmore,awrintmore23@oaic.gov.au,Pf1yFm7Fpk,1/24/96
Dimitry,Lerner,dlerner24@dot.gov,CNSGy6HxEkHU,1/13/84
Coralie,Guest,cguest25@hao123.com,QD06gcibGta,2/15/18
Saloma,Josilowski,sjosilowski26@patch.com,8wRc3f,2/18/08
Georas,Walkowski,gwalkowski27@marriott.com,P8rPoLfbTW,1/16/98
Gregor,Willshee,gwillshee28@mozilla.org,5fq3NfqDR8bO,6/6/66
Rose,Glencross,rglencross29@abc.net.au,drXGvl,9/14/81
Gerhardine,Kits,gkits2a@wikispaces.com,EZFw5NV1sM3,4/18/83
Angy,Rolfo,arolfo2b@purevolume.com,azWEdPs7,5/4/03
Braden,Skyner,bskyner2c@ask.com,wEBzkS,6/16/02
Helyn,Bardsley,hbardsley2d@cmu.edu,kOolAv3g7NkH,2/15/79
Felipa,Fairpo,ffairpo2e@dion.ne.jp,6r2fJBP,5/13/88
Kendre,Adriano,kadriano2f@sciencedaily.com,oDt8mS6El,2/27/83
Symon,Attenburrow,sattenburrow2g@soup.io,lr1YNwOjL,5/26/96
Lishe,Perris,lperris2h@stumbleupon.com,XT7YbN9CE3,4/6/79
Alix,Slany,aslany2i@europa.eu,Knd0XWQ,2/19/62
Ambrosi,Anelay,aanelay2j@eepurl.com,uJlQ0R,6/27/73
Felice,Galilee,fgalilee2k@geocities.jp,1xsHudvd,5/11/81
Gregoor,Libbey,glibbey2l@amazon.co.uk,WjotOX,10/22/86
Renelle,Lenchenko,rlenchenko2m@google.fr,9i19s0,5/23/18
Neils,Blackesland,nblackesland2n@quantcast.com,wlvC1dN32f,2/22/20
Trip,Whatford,twhatford2o@adobe.com,ZiHN6KRsdE,5/22/88
Giorgi,Woodgate,gwoodgate2p@goo.gl,1HWWpGqJ5MR,7/7/09
Tabb,Bussy,tbussy2q@house.gov,HAvQGfAA,12/9/91
Grant,Golley,ggolley2r@reuters.com,oqvxLJdT,7/26/66
Morganica,Loosley,mloosley2s@ibm.com,vu3bzt9pnOvz,3/6/98
Angelique,Allsupp,aallsupp2t@miitbeian.gov.cn,h1LDZFSE,2/28/68
Tessy,Vossgen,tvossgen2u@mashable.com,tRPMcdVn72ne,10/28/75
Conway,Bartoli,cbartoli2v@ycombinator.com,yX4oKsQd,9/27/10
Isa,Sisson,isisson2w@webs.com,je54KwUhTkxu,6/21/06
Arabela,Vidler,avidler2x@last.fm,qGujWTOtk,3/18/72
Gusella,Penton,gpenton2y@istockphoto.com,9dewejM1JQQY,12/16/95
Llywellyn,Giamuzzo,lgiamuzzo2z@bing.com,AdBNNBf,7/24/90
Garvy,Boykett,gboykett30@dell.com,HiQWfs7,7/17/17
Barbabra,Romanin,bromanin31@vinaora.com,eQWhTf,10/2/93
Eyde,Poyle,epoyle32@sbwire.com,X14792pT5E,3/25/04
Meyer,Glison,mglison33@sbwire.com,7CK0OE,10/28/93
Ekaterina,Strong,estrong34@purevolume.com,xFYsSH6K,11/29/04
Abigail,Doorey,adoorey35@amazonaws.com,T8d0HR,3/11/92
Silvano,Phillcock,sphillcock36@slate.com,gePndqBABQ,5/19/05
Robinet,Wanklyn,rwanklyn37@google.nl,lRvouN4HkmOQ,11/22/90
Suzy,Redit,sredit38@hp.com,xk7ucMrO,9/27/73
Beverlie,Ruddiman,bruddiman39@cpanel.net,Hs2r8q,2/1/93
Myles,Yellep,myellep3a@ebay.co.uk,UPTHX6,6/21/91
Birdie,Trahair,btrahair3b@weibo.com,CRUpZwzl3mVU,8/19/99
Karoline,Verdie,kverdie3c@jiathis.com,WThjRkEj,5/8/12
Antonius,Cellier,acellier3d@state.tx.us,gKakB7,12/24/88
Germain,McComish,gmccomish3e@seattletimes.com,fw080d,10/2/06
Casey,Mauditt,cmauditt3f@sun.com,FB16Bil,1/24/98
Bee,Dewer,bdewer3g@washington.edu,wFlt7hLsIAS,1/15/10
Domeniga,Borland,dborland3h@tamu.edu,CGGW4Im,12/16/02
Ingemar,Dureden,idureden3i@nationalgeographic.com,kn4z9S6q1Fe,7/17/01
Fair,Lubbock,flubbock3j@ustream.tv,88fj4KH,6/15/92
Rolph,Leimster,rleimster3k@spotify.com,3dTGgcKw,10/3/12
Helge,Davydychev,hdavydychev3l@gnu.org,nrqF8oCb,6/28/61
Fay,McKeighen,fmckeighen3m@howstuffworks.com,PESKj27,6/17/66
Margit,Ruperto,mruperto3n@mayoclinic.com,OfbczyERvS,1/22/74
Darin,Couronne,dcouronne3o@uiuc.edu,OuP6dfEDm4nY,10/30/14
Stesha,Drewry,sdrewry3p@cyberchimps.com,FRet699Z,6/3/73
Julia,Stilwell,jstilwell3q@redcross.org,knEfkAsT,5/26/67
Sayers,Bulloch,sbulloch3r@dropbox.com,HQI5HwT0,8/3/94
Nelly,Sherred,nsherred3s@cnbc.com,a2MQiT9eN,1/31/84
Jose,Joselin,jjoselin3t@studiopress.com,oeTVfM,8/25/16
Verine,Buttle,vbuttle3u@hhs.gov,YfOtygYzXY,12/13/62
Hadrian,Power,hpower3v@baidu.com,CyFvvmjEn,11/7/68
Raffarty,Whitfield,rwhitfield3w@boston.com,FS63fk0R,1/27/18
Gabie,Barbie,gbarbie3x@opera.com,YEB0bCb7,11/28/90
Charin,Quig,cquig3y@1688.com,qBpCaR2H0,4/8/65
Janetta,Vagges,jvagges3z@toplist.cz,aZPWBohCFBp,6/24/02
Anton,Villaron,avillaron40@pcworld.com,oOHV4Baxw8,5/26/67
Damiano,Ridsdell,dridsdell41@microsoft.com,kHd6y4H18L3S,3/9/17
Bastien,Weins,bweins42@sfgate.com,XR1xu4s9Jt,5/25/96
Chiarra,Vinter,cvinter43@themeforest.net,zYZYD1hhN39,5/13/01
Anders,Caulier,acaulier44@omniture.com,CLJobtMVqHI,5/2/63
Sigismund,Lardier,slardier45@furl.net,1HXKhvkZK6J,9/3/71
Kara-lynn,Winchurst,kwinchurst46@bandcamp.com,4ESvBua1k,4/19/19
Ingeborg,Penna,ipenna47@epa.gov,ArgrlYlK,1/23/02
Noellyn,Duchenne,nduchenne48@feedburner.com,MLNHXqZib,2/16/79
Garvin,Iuorio,giuorio49@wsj.com,NZGnhQOiA9A,3/7/95
Ileane,Ryles,iryles4a@walmart.com,Ls03UxMKq,6/17/85
Moises,Bellew,mbellew4b@bizjournals.com,WuIPJGucd,5/26/93
Hildegaard,Camps,hcamps4c@bloomberg.com,H1XxSvtF,8/1/94
Benny,Gaskin,bgaskin4d@shop-pro.jp,qR1R3UgdwtJX,8/6/18
Obie,Pren,opren4e@tripod.com,qAbmVQ8o,10/17/77
Norby,Highman,nhighman4f@rambler.ru,Jsfl7W,2/11/18
Marleah,Eat,meat4g@sitemeter.com,UaRoX0,12/29/65
Brena,Yuryatin,byuryatin4h@t-online.de,WQtsqBtFKjrz,1/16/09
Darren,Dearlove,ddearlove4i@ibm.com,DvOYMnUtdA,8/28/81
Margi,Botwright,mbotwright4j@theatlantic.com,9KFnejUJHtWP,10/10/62
Holly,Clawson,hclawson4k@wisc.edu,5wYO7y4Pa,6/24/04
Nolie,Lemmens,nlemmens4l@washington.edu,pkouMg,12/31/16
Cassi,Caslane,ccaslane4m@redcross.org,SA5rv9RZ,5/10/09
Sophi,Greenset,sgreenset4n@archive.org,rLVQKjtQq2lI,4/2/83
Steve,Sproson,ssproson4o@cnbc.com,3FIyWnIGY,11/4/80
Janeva,Relph,jrelph4p@constantcontact.com,15boAo,4/23/16
Fee,Northidge,fnorthidge4q@businesswire.com,S2pIqgy,2/5/94
Philbert,Oswick,poswick4r@multiply.com,wI7fNCEYNFj,6/16/01
Zaria,Rumble,zrumble4s@xrea.com,9sycl5,11/5/14
Siobhan,Shilladay,sshilladay4t@bravesites.com,CdbIau,3/29/07
Irvine,Wyldbore,iwyldbore4u@home.pl,SHrE5icFxqph,1/10/20
Kirby,Shoebottom,kshoebottom4v@youtube.com,bB87sl18Jpry,12/28/61
Hugibert,Gillyett,hgillyett4w@photobucket.com,fEMA8a,9/23/03
Rowland,Challener,rchallener4x@cnbc.com,1VvNWPqfhed,3/10/73
Sloan,Salsberg,ssalsberg4y@google.de,RSkZ1hA,10/11/18
Abigale,Mansion,amansion4z@yahoo.co.jp,e30cl4yXkS0,8/5/73
Archy,Redshaw,aredshaw50@amazon.de,DzlpjZAetJbi,1/14/06
Carmelia,Norquoy,cnorquoy51@unc.edu,jZLN8Y96TTOz,10/24/14
Tiphani,Mosey,tmosey52@examiner.com,xm8dxvP,9/9/00
Roma,Meriott,rmeriott53@biglobe.ne.jp,ZJnbdtN,11/28/65
Herold,Cregan,hcregan54@dion.ne.jp,vcj1eWLWH,9/8/92
Ursala,Gamlin,ugamlin55@cdbaby.com,PK10RSRm,5/24/94
Lowe,Edy,ledy56@icq.com,7gK4R0TEIcb,9/25/97
Georgianne,Longland,glongland57@lycos.com,QyqW8wX,10/15/08
Sashenka,Brownhall,sbrownhall58@shinystat.com,FW0bk5F6NdS,2/20/13
Sayre,Brearty,sbrearty59@mlb.com,Pmu7QnKnms,6/26/13
Sheela,Capin,scapin5a@unesco.org,IOQzBr5b,9/27/04
Sibelle,Kleinbaum,skleinbaum5b@spotify.com,l7kfNRPP,9/13/19
Kore,Scrowson,kscrowson5c@jugem.jp,gVA2CkZia,1/3/92
Donica,O'Coskerry,docoskerry5d@answers.com,ePnJXoAWY,7/23/81
Rhetta,Nolli,rnolli5e@nyu.edu,7oqLo5FhG,8/13/85
Jamey,Pizer,jpizer5f@howstuffworks.com,UpNUIUL11Ee,11/18/95
Charlene,Priditt,cpriditt5g@seesaa.net,JV8Lq3rH5,6/1/15
Bernardine,Jeeves,bjeeves5h@pcworld.com,lcDGfths,2/22/11
Brandon,Parlour,bparlour5i@macromedia.com,v0JLJPgJ4ITf,3/13/92
Stern,Clempton,sclempton5j@google.pl,EEVg991u,4/10/12
Montgomery,Juschka,mjuschka5k@dropbox.com,kLuW7eG,5/26/60
Shantee,Lyburn,slyburn5l@uiuc.edu,txIUfvvgQK3z,4/28/94
Sheffield,Beeho,sbeeho5m@hubpages.com,6o6Gwk,1/19/86
Anny,Dermot,adermot5n@patch.com,wLMwI00iI,3/24/80
Tybalt,Fraczkiewicz,tfraczkiewicz5o@godaddy.com,Sm8OWGjw1LM,12/25/05
Channa,Bemrose,cbemrose5p@chicagotribune.com,LpDwsVFBjsZ,10/24/97
Chlo,Pietsma,cpietsma5q@census.gov,MajLu1,4/15/90
Teddie,Batson,tbatson5r@ox.ac.uk,Cf01rX6p,12/10/93
Rhetta,Lapere,rlapere5s@typepad.com,5W57nq,6/20/00
Ari,Feldhuhn,afeldhuhn5t@nyu.edu,gosIDylO,3/5/00
Zacherie,Alliot,zalliot5u@domainmarket.com,89m7o7ASj,12/17/14
Inger,Bourhill,ibourhill5v@barnesandnoble.com,QTsBCpfaP,3/21/98
Dosi,Swayte,dswayte5w@pcworld.com,SsOb3FED,2/22/13
Sharia,MacMychem,smacmychem5x@sogou.com,atuCxXPW71f,8/2/78
Cherice,Shekle,cshekle5y@printfriendly.com,NTnnQVc7,10/15/81
Zarah,Attrill,zattrill5z@etsy.com,SsrTNlTf,6/18/16
Nert,Trevillion,ntrevillion60@amazon.co.jp,tjjqUlwu2f,1/11/12
Georgianna,Stennes,gstennes61@pinterest.com,4VPoDgT,6/13/83
Alejandrina,Espie,aespie62@accuweather.com,nRddSAC7NX,12/30/09
Dareen,Gatherer,dgatherer63@blog.com,XlnQqw3,8/28/99
Adorne,Bernt,abernt64@shinystat.com,KgffWiOqUPaO,11/27/88
Ferdinande,Jennison,fjennison65@shareasale.com,WI1aY8tc1,4/10/64
Noble,Bradder,nbradder66@mashable.com,KpVgU4J,6/17/16
Butch,Swendell,bswendell67@themeforest.net,unLVsMa081Dq,9/24/81
Guthrie,Varden,gvarden68@joomla.org,dMzhH7Nb,1/5/75
Mendie,Sambell,msambell69@slate.com,Dbu771,8/16/65
Ave,Crispe,acrispe6a@trellian.com,huhVtjuU8kQ,3/12/76
Alexandros,Varah,avarah6b@dot.gov,mR7k26Ce5,2/26/90
Christina,Godspeede,cgodspeede6c@joomla.org,T5f4VzJR,3/12/66
Bethanne,Tuffield,btuffield6d@newyorker.com,83j3VEG2nj,8/7/93
Fernanda,Akeherst,fakeherst6e@storify.com,MGAYgaHXBnE,11/25/81
Opalina,Tonbridge,otonbridge6f@nhs.uk,FtrZtLWcOb7,4/10/64
Nonie,Krook,nkrook6g@patch.com,Npq1WmVRUOX,7/19/72
Winslow,Dudderidge,wdudderidge6h@mediafire.com,3yecN5hMuEm,7/25/87
Meredeth,Oldfield-Cherry,moldfieldcherry6i@example.com,mIcTyzu9,12/24/76
Jerry,Redler,jredler6j@va.gov,DOsN6zJ,10/3/63
Isahella,Connikie,iconnikie6k@comsenz.com,mvkr4A,11/20/70
Marilin,Pendreigh,mpendreigh6l@constantcontact.com,Gb7Lt5eUDE,6/25/81
Petunia,Brownlee,pbrownlee6m@economist.com,8RgXeP,3/30/82
Sonja,Krinks,skrinks6n@paginegialle.it,R7qkbJ,5/25/10
Cyndi,Chaplyn,cchaplyn6o@omniture.com,jj2xiN,9/8/10
Guntar,Lavallin,glavallin6p@linkedin.com,V4AMBmKzmz,2/20/89
Lamont,Iwanowski,liwanowski6q@google.es,9eZCaQ,3/20/86
Ilyssa,Pursglove,ipursglove6r@china.com.cn,jzXZoaaP,6/13/73
Dunc,Linkie,dlinkie6s@sourceforge.net,1mDqfrVPU8,5/2/71
Brod,O'Duilleain,boduilleain6t@nytimes.com,rOf5L8izh,6/27/04
Dulsea,Friedman,dfriedman6u@harvard.edu,EfZkVJKNtPQ,4/10/16
Brittaney,Blackaller,bblackaller6v@bravesites.com,lMJpImry,11/7/16
Arch,Korf,akorf6w@1und1.de,FRNhurhqkmP,7/10/88
Idelle,Ofen,iofen6x@bloomberg.com,zGGL6bcvyXf,4/3/12
Hasty,Bousler,hbousler6y@flavors.me,8Bce2JL79,12/8/60
Skye,Edginton,sedginton6z@shutterfly.com,NneoaMS,6/24/84
Bridgette,Shemmin,bshemmin70@scribd.com,sEZh5ky8Ubj8,3/25/64
Sutherland,Garfit,sgarfit71@salon.com,NrqsGyJIG,8/23/64
Elfie,Temprell,etemprell72@comcast.net,fK4waq,10/28/03
Sharline,Gellier,sgellier73@cyberchimps.com,ne2UYgH,3/9/71
Fabian,Killich,fkillich74@xrea.com,F0DZipDQtoP,7/10/83
Isidor,Ashfield,iashfield75@businesswire.com,7hQ8yQA,3/13/64
Dominga,Trustey,dtrustey76@xrea.com,5mzupx,4/21/09
Melody,De Gregoli,mdegregoli77@uiuc.edu,MshvMO4,1/18/98
Farlie,Heinke,fheinke78@slate.com,N3km3I5cGY,11/25/18
Cherie,Sans,csans79@biblegateway.com,GJB8slkH,2/17/90
Margret,Gammett,mgammett7a@marriott.com,M71bivqk6,8/3/75
Marina,Ranking,mranking7b@blogspot.com,Jhh58JIx,9/7/67
Katy,Stockow,kstockow7c@quantcast.com,ggOvTQZWW,2/12/72
Annamaria,Rofe,arofe7d@lulu.com,ilRJBMP11NS,2/3/67
Emmit,Kendle,ekendle7e@shutterfly.com,ZREMiqwhZu3u,5/11/69
Allis,Spata,aspata7f@multiply.com,lNWMQdko,8/17/94
Dukie,Cheesman,dcheesman7g@comsenz.com,9zjXzfA,11/3/88
Milo,Point,mpoint7h@google.pl,XnSsyyCTA9dD,10/12/69
Demetra,Rief,drief7i@google.com.hk,XkbaLbd1,6/19/12
Janina,Johnstone,jjohnstone7j@webeden.co.uk,Yv6zDtBv,1/1/76
Freedman,Lyle,flyle7k@hao123.com,EEjT4l1,10/29/05
Jenica,Stearn,jstearn7l@twitpic.com,CmycCBM,10/2/84
Ripley,Revel,rrevel7m@typepad.com,Bsuj7QrfjNWg,4/5/14
Tamarra,Moodie,tmoodie7n@springer.com,gKONOxT4care,3/7/70
Daryl,Duigan,dduigan7o@topsy.com,e438smO,8/29/13
Lucio,Fassan,lfassan7p@themeforest.net,gau55FP,3/5/12
Willey,Howroyd,whowroyd7q@va.gov,DC0zIJ,6/4/08
Alicia,Gagen,agagen7r@chicagotribune.com,XWznax,7/10/74
Kym,Sleeford,ksleeford7s@toplist.cz,PG9rOw,12/21/81
Gabrila,Sedgeworth,gsedgeworth7t@ucoz.ru,Jq9tDlZEKuRX,11/24/19
Yevette,Melton,ymelton7u@baidu.com,hOOgptI,12/26/87
Beltran,Curdell,bcurdell7v@foxnews.com,BM2UjAiFAWPE,6/13/63
Agathe,Palphramand,apalphramand7w@arizona.edu,7xLbzXH,10/13/72
Bryon,Dewen,bdewen7x@wsj.com,Roj13ph,11/29/81
Whitney,Lagadu,wlagadu7y@scribd.com,FClwql7ZLW,7/11/96
Laurens,Morey,lmorey7z@tamu.edu,0JbYYK8XNAk,9/23/81
Goldia,Wye,gwye80@etsy.com,TmGqROW,10/20/72
Gwendolen,Prigg,gprigg81@mit.edu,nLWSW6,12/10/92
Valerye,Werndly,vwerndly82@hibu.com,01NPK8,7/11/71
Christina,Pevsner,cpevsner83@feedburner.com,BlllQcatqL,12/30/19
Darla,Boncoeur,dboncoeur84@mac.com,KhUbCuzSs,4/22/63
Clarence,Folley,cfolley85@over-blog.com,4phEUq5gyZs8,5/25/16
Brander,Oldcote,boldcote86@example.com,CkbQCqB,6/7/86
Carolee,Kienzle,ckienzle87@gov.uk,7oOaaT,7/6/06
Tresa,Thacker,tthacker88@usatoday.com,imse3uHv3xf,2/6/93
Conney,Josefovic,cjosefovic89@ihg.com,LcRbF7wxA,3/18/89
Brant,Gayton,bgayton8a@geocities.com,M100FRT,2/6/02
Row,Blades,rblades8b@cdbaby.com,Uw2bV18lL3H,5/2/08
Melisandra,MacCome,mmaccome8c@delicious.com,MuvwCEth,7/26/85
Candy,Parriss,cparriss8d@php.net,6lXqRvj,3/2/81
Ashla,Fidoe,afidoe8e@ning.com,I3CTqJiX1x,11/8/66
Biron,Cheevers,bcheevers8f@disqus.com,dm6kEgtIdOh,8/18/04
Nikki,Arnett,narnett8g@wikia.com,hwlpmzVDg,12/4/75
Pembroke,Fergie,pfergie8h@printfriendly.com,2buguKQl,9/19/86
Tobias,Shackell,tshackell8i@paginegialle.it,ruREqcGr,7/7/65
Ruprecht,Krolik,rkrolik8j@oracle.com,Ig9ZLEm,12/9/97
Walden,Jindra,wjindra8k@w3.org,9zq4lZ,9/17/76
Carola,Deaconson,cdeaconson8l@jimdo.com,EmBpLtk5KoAf,11/26/05
Maritsa,Rowthorn,mrowthorn8m@github.io,j1qM2bYbUlU,8/2/10
Wally,Kalinowsky,wkalinowsky8n@mysql.com,ez2me3C,10/12/74
Anya,China,achina8o@foxnews.com,HrxS9Q7qhG,6/10/18
Karalee,Elsom,kelsom8p@fotki.com,VzafbF839r8l,1/3/99
Morgun,Izzat,mizzat8q@youku.com,il9751iU1D3,5/3/73
Sheffie,Jemmison,sjemmison8r@thetimes.co.uk,DuqZMjdyUbM,11/19/15
Jaymie,Watsam,jwatsam8s@networksolutions.com,6ei6LI0i,8/9/93
Isabelita,Devitt,idevitt8t@gravatar.com,1t6xr6ygI3,10/7/93
Teena,Rubinfeld,trubinfeld8u@reuters.com,XiSKfNOua,12/4/10
Sheela,Minithorpe,sminithorpe8v@last.fm,cp9d5XV4vYE,4/14/63
Elysia,Parnell,eparnell8w@youku.com,ZiSsX8C62m0H,3/26/88
Otis,Riche,oriche8x@smugmug.com,VGFi8OXf9Xb,9/17/66
Brewster,Banbrick,bbanbrick8y@dot.gov,vxjboPlqsu,10/9/03
Jessey,Waymont,jwaymont8z@stanford.edu,z6o8Juv3,8/18/85
Marissa,Sheard,msheard90@hp.com,dRUSFLuV96,6/25/08
Hasheem,Hadleigh,hhadleigh91@hao123.com,jN70JL8xxeT,3/12/99
Naomi,Birtonshaw,nbirtonshaw92@whitehouse.gov,ItiRdi,7/14/64
Herbert,Lago,hlago93@dot.gov,LOndr2x,12/19/93
Rosetta,Mowles,rmowles94@wikispaces.com,bbvTLjEHL8N,7/15/10
Erich,Siviter,esiviter95@nps.gov,3rzlXbvUGy,5/7/17
Moses,Drieu,mdrieu96@mapquest.com,o0eZYTFk,4/29/79
Chrissie,Hardage,chardage97@state.gov,6qJBbPX,10/20/04
Lodovico,Barta,lbarta98@posterous.com,clwo03zI,6/25/16
Jerry,Kettles,jkettles99@photobucket.com,AitqNXXLcqt,7/13/11
Maurizio,Dayly,mdayly9a@businesswire.com,Htjgw4,8/14/92
Welby,Ondrusek,wondrusek9b@wp.com,tWiHP08q,12/19/74
Kellie,Presslie,kpresslie9c@sogou.com,sMfKos28cV,1/22/98
Ephrayim,Cutmare,ecutmare9d@blogger.com,U8jsoS40vu,6/1/78
Maxie,Derr,mderr9e@twitpic.com,1mhabp,6/28/13
Gwyn,Nassy,gnassy9f@wordpress.com,nefw9IP4,1/14/18
Betty,Horbart,bhorbart9g@newsvine.com,HnwIqEPkA,7/20/66
Edwina,Langrick,elangrick9h@ftc.gov,6XHN9ygU5j,2/17/65
Jillane,Rulf,jrulf9i@wp.com,aWwq29BkF,10/3/89
Twyla,Selwin,tselwin9j@google.co.jp,eeg8axuHrcIb,2/27/77
Kelby,Shapter,kshapter9k@google.pl,7Mw8AdfK,9/22/76
Addia,Stellman,astellman9l@acquirethisname.com,e5mlqjC,3/23/96
Ernaline,Tomczykowski,etomczykowski9m@admin.ch,QI8i4nXGE,12/25/80
Cahra,Sporle,csporle9n@time.com,X8bA1H3Lv,12/18/81
Eugene,Malamore,emalamore9o@oakley.com,5BmYnw4R,6/5/78
Abelard,Isted,aisted9p@wisc.edu,6xmSmHwpDg,9/22/71
Derby,Gerger,dgerger9q@networksolutions.com,qIboYhI,7/19/78
Kat,Roblou,kroblou9r@google.com.au,SeC4Nggo25do,3/6/94
Tamarra,Robiot,trobiot9s@g.co,GFwK6eAeW,3/1/05
Adan,Allbon,aallbon9t@nymag.com,05A66NaZn,7/17/18
Nicoline,Bevans,nbevans9u@istockphoto.com,6V8nU1dtHHDj,7/11/66
Germaine,Broodes,gbroodes9v@google.fr,Xtsg1sMLQe3,11/12/03
Les,Lush,llush9w@pen.io,ukYw5RMyWk21,10/20/81
Freemon,Briggdale,fbriggdale9x@photobucket.com,smbmQmoL0yi,9/3/87
Matthieu,Brisland,mbrisland9y@theatlantic.com,zB8w3jv,8/28/05
Yulma,Di Franceshci,ydifranceshci9z@liveinternet.ru,aBJRRPWB,6/13/98
Darsey,Lapidus,dlapidusa0@biglobe.ne.jp,6nDI20jOEX,1/4/00
Hillery,Kelwaybamber,hkelwaybambera1@newyorker.com,TNpShuyu6WmF,5/3/97
Faunie,Irlam,firlama2@marketwatch.com,F1xyjba,8/24/70
Coral,Symmons,csymmonsa3@virginia.edu,Lr7GLc2ObO2,3/11/96
Norman,Dymock,ndymocka4@privacy.gov.au,mzvepKE1puwd,7/15/01
Padraic,Diable,pdiablea5@narod.ru,FRBA3Q,5/27/66
Francis,Bushel,fbushela6@lulu.com,2XvEGWciGy,9/29/66
Courtenay,Goldhawk,cgoldhawka7@baidu.com,l0sNgqcJ,2/27/73
Margalit,Merrisson,mmerrissona8@comcast.net,gUCHJaiZd,5/12/90
Ealasaid,Bodell,ebodella9@vimeo.com,bzR17r4T8O,7/30/85
Rey,Benito,rbenitoaa@amazon.co.jp,OHm5Gnq4,11/28/02
Ruby,Stoggell,rstoggellab@imdb.com,IvOfAMBPQDF,12/25/01
Bordie,Brookes,bbrookesac@tripod.com,kiPLnDq,6/28/98
Dosi,Moland,dmolandad@goo.ne.jp,Nv7eSnwJ,10/25/98
Enid,Kearley,ekearleyae@qq.com,qba3TgX,9/11/16
Tommy,Birtles,tbirtlesaf@dailymail.co.uk,vO2rhU0Kr,3/12/05
Reynold,Eveque,revequeag@geocities.jp,nqQUok6VEb,10/23/62
Maryl,Gallear,mgallearah@weebly.com,Bvrz5p,1/18/15
Darrell,Feetham,dfeethamai@google.fr,UukDMP90Eg,2/5/81
Cedric,Jozwicki,cjozwickiaj@umich.edu,TRvpJwlQXm3,8/10/66
Brianne,Milstead,bmilsteadak@rakuten.co.jp,vHJOn6yVq,2/11/76
Vance,Barrick,vbarrickal@usatoday.com,z2b5eh,8/28/61
Vincent,Tantum,vtantumam@latimes.com,7jkOLZozE,3/6/94
Vally,Layne,vlaynean@mashable.com,dx01pote,3/22/01
Christie,Downe,cdowneao@imgur.com,S1K9hAJl,2/28/80
Shelby,Knibbs,sknibbsap@vk.com,X4aXP1uK,2/13/96
Gardy,Ugolini,gugoliniaq@guardian.co.uk,WXVv91oht,11/19/74
Wally,Blindmann,wblindmannar@hao123.com,n6F3PvZf,7/31/60
Maryanna,Rowsell,mrowsellas@webeden.co.uk,GVc5JadU,5/10/01
Gerta,Crawforth,gcrawforthat@canalblog.com,w5KuF9Q,12/7/86
Pierce,Bourgaize,pbourgaizeau@ibm.com,xA4T1CfTpOQK,9/18/96
Amanda,Hallybone,ahallyboneav@cisco.com,5nD5WIa0dvUB,9/9/72
Ardine,Corpe,acorpeaw@yolasite.com,QZzz6h61mB,4/3/66
Kellen,MacClinton,kmacclintonax@yandex.ru,dOVi1SaqcU,11/30/05
Janey,O'Driscole,jodriscoleay@squidoo.com,GEskCy,1/19/73
Casper,Munt,cmuntaz@forbes.com,P1w4wZpJ,1/21/66
Nessy,Behne,nbehneb0@house.gov,ZOMVGNr9k,9/23/15
Ronnie,Rothwell,rrothwellb1@i2i.jp,mftvmUVPF,9/6/82
Casey,Tudball,ctudballb2@adobe.com,orRiXBundkMe,4/12/70
Austina,Casarili,acasarilib3@tripod.com,IqLbiFv,5/2/13
Noella,Lindstrom,nlindstromb4@cbslocal.com,wKmqXIMTY,10/29/65
Selina,Stride,sstrideb5@godaddy.com,36czuk,7/8/76
Courtnay,Knoles,cknolesb6@mtv.com,XezM6D7mM7,3/2/84
Richard,Sculpher,rsculpherb7@wp.com,uo0eTMU3L,2/9/13
Myles,Whiles,mwhilesb8@unblog.fr,roe2ngf5izp,2/7/88
Shaughn,Featherston,sfeatherstonb9@hostgator.com,qmzQM48eqfp,2/7/14
Kat,Cottage,kcottageba@themeforest.net,VZOkjO,4/21/88
Ricki,Freschi,rfreschibb@icq.com,3MN219nBsMsY,7/28/65
Jori,Antonioni,jantonionibc@examiner.com,SeIhv2p,12/5/81
Alain,Rissen,arissenbd@telegraph.co.uk,9bp9QQzH0,7/30/60
Warde,Gutch,wgutchbe@nytimes.com,zyHF2jraU,6/21/63
Lucienne,Clinnick,lclinnickbf@blogtalkradio.com,5knd0OgI,12/21/16
Butch,Itzkovwitch,bitzkovwitchbg@reuters.com,VUbbcRGfK3b,8/28/96
Noby,Davitti,ndavittibh@smugmug.com,NYLO37Y68k,10/11/02
Dun,Putman,dputmanbi@g.co,FfDGnfI,3/20/09
Marwin,Guerner,mguernerbj@wikimedia.org,fmZjjo1YGL1,12/2/67
Miran,Bakster,mbaksterbk@linkedin.com,VGaOHq8x8j,10/23/07
Carry,Skerman,cskermanbl@spiegel.de,fXCm44,8/25/01
Byrom,Laye,blayebm@discuz.net,K1b54f,12/17/13
Julie,Kliemchen,jkliemchenbn@upenn.edu,3GnwQtPSYoN,9/18/93
Sallie,Sher,ssherbo@php.net,U6nM85u,2/17/96
Morgen,Hutchason,mhutchasonbp@alexa.com,bLAxB254mlOL,5/14/75
Hildy,Daish,hdaishbq@un.org,bJbbrO,3/2/15
Jodee,Duffield,jduffieldbr@meetup.com,nbRc62Cs6h66,8/27/72
Barri,O'dell,bodellbs@sohu.com,ScEV5Y,12/27/65
Uta,Brothwood,ubrothwoodbt@home.pl,lbul6iqyCc,5/12/07
Elie,Croston,ecrostonbu@smh.com.au,ghFoRi,5/23/14
Shurwood,O' Mullan,somullanbv@imgur.com,Se7NWHxAKJ7,3/7/05
Tedie,Helgass,thelgassbw@stanford.edu,shxehHNsjU,1/5/14
Burch,Waterstone,bwaterstonebx@surveymonkey.com,CK0lul1Z31,6/9/02
Kailey,Dewane,kdewaneby@si.edu,AoYKDacVK,5/10/91
Erl,Romayn,eromaynbz@google.cn,TTTGCPZjzux,1/27/03
Lionello,Hounsom,lhounsomc0@feedburner.com,bk2g3dQ,8/24/80
Cad,Pendle,cpendlec1@youtube.com,OoMJe5,4/25/12
Selby,Grafton,sgraftonc2@about.me,uaJjpgBhAy1,4/8/89
Micah,Stothard,mstothardc3@hostgator.com,TMadWLH8mD,10/13/11
Sergent,Ewers,sewersc4@delicious.com,t8Yf8i,5/10/02
Belicia,Bidnall,bbidnallc5@mlb.com,hEKlIxmzV5eL,6/21/99
Jandy,Sinkinson,jsinkinsonc6@shareasale.com,Bu7qcDKDm,2/5/07
Hally,Rolf,hrolfc7@vkontakte.ru,T0MVloXWT1,7/25/87
Dene,Flannery,dflanneryc8@msn.com,2f2l0Wtyvo8A,4/3/77
Jordan,Harrhy,jharrhyc9@sciencedaily.com,OzxQqTxdxhzH,5/10/71
Meta,Fittall,mfittallca@umn.edu,Qz0lmhhR,4/4/04
Corrine,Bazelle,cbazellecb@utexas.edu,F0EVbZst,12/2/14
Laure,Pringley,lpringleycc@last.fm,Jsfh6ajpCIr,4/13/99
Vinny,Jimenez,vjimenezcd@altervista.org,xm1QMJYA,7/2/17
Sapphira,Autry,sautryce@cam.ac.uk,63gusXqPiS,9/10/18
Ichabod,Tomalin,itomalincf@fema.gov,t5H2kLb,8/27/61
Allyn,Mabley,amableycg@bing.com,c1UETgcKwi9S,10/11/92
Nolie,Yankishin,nyankishinch@networksolutions.com,7gUgPfnZZ5r,8/29/88
Gretal,Collier,gcollierci@google.ca,OjCAQBoYzk,10/22/99
Tatum,Sandbrook,tsandbrookcj@paginegialle.it,4CpQVo,3/11/74
Kaye,Bau,kbauck@pinterest.com,GDdonHE9NH0,12/30/73
Brett,Cloney,bcloneycl@google.ru,n3B00heo5XS,2/27/09
Nelson,Calan,ncalancm@mlb.com,9xISdy4XES8,7/11/64
Barrett,Cicero,bcicerocn@joomla.org,4NZht1CNqcn,5/8/61
Angelico,Walworth,awalworthco@usnews.com,Hph3JJ2M,10/18/06
Clay,Yankov,cyankovcp@posterous.com,2QOmNy17,9/13/15
Miguelita,Pinwill,mpinwillcq@trellian.com,XAX5qt,2/8/95
Antoine,Sima,asimacr@lulu.com,Y9iy7WgNMhO,3/31/01
Florina,Dyke,fdykecs@is.gd,hfP84gkN,8/15/74
Dukey,Silby,dsilbyct@netvibes.com,CU2xJwLPqG,12/26/68
Franzen,Fawson,ffawsoncu@blogs.com,1bQ3DMXwUwpT,9/4/96
Merrel,Alvarez,malvarezcv@ning.com,RHNqYVvsP,5/25/02
Chloe,Ferrarin,cferrarincw@reverbnation.com,3QJoCtatwQND,10/2/82
Berenice,Grombridge,bgrombridgecx@wired.com,9LQlse7o3aX,4/30/60
Amandie,Melley,amelleycy@mac.com,TZRydae2N2c,4/1/87
Tommy,Hurich,thurichcz@theglobeandmail.com,twATcxy3,12/7/66
Marcelle,Briggdale,mbriggdaled0@fema.gov,RFeXkE5XBTv,7/14/79
Francesca,Grossier,fgrossierd1@netscape.com,FvUGc6v,4/24/90
Corney,Tredget,ctredgetd2@mayoclinic.com,lsV4Pl1UJvA,10/25/17
Vinny,Stiles,vstilesd3@myspace.com,44RjRLjb9bn,6/3/70
Hercule,Barke,hbarked4@abc.net.au,6WKlal3,1/25/70
Virge,Foottit,vfoottitd5@buzzfeed.com,JzMBw6,4/14/03
Norma,Illiston,nillistond6@dropbox.com,sZNDcS,10/29/78
Alaric,Corck,acorckd7@t.co,xcFwJRBc,7/24/01
Tilda,Jordi,tjordid8@wordpress.com,Xa84d2XY,8/3/97
Sondra,Ofield,sofieldd9@51.la,2j0wfby8sUS,12/17/96
Cherilyn,Rotherforth,crotherforthda@fda.gov,mcUReqQHF4,12/13/97
Chris,Kirwin,ckirwindb@craigslist.org,BABYVV0,6/14/76
Iormina,Sedwick,isedwickdc@yellowpages.com,pEdyhe,10/30/02
Martino,McChesney,mmcchesneydd@live.com,3YUdNYES9,11/12/19
Tucky,Lamplugh,tlamplughde@nifty.com,XCsO00pveN,12/26/63
Cleveland,Faichney,cfaichneydf@dell.com,dYbneOhc,6/29/01
Cristionna,Barmadier,cbarmadierdg@dagondesign.com,i6McPq70dV,12/12/98
Elliot,Godin,egodindh@rakuten.co.jp,XvThKTYRd,9/19/13
Beck,Giorgiutti,bgiorgiuttidi@sakura.ne.jp,56EJHkYZL7Nr,8/2/67
Hilary,Huckabe,hhuckabedj@ftc.gov,OKU1dq7nZOVa,4/26/67
Myrah,Flieger,mfliegerdk@xinhuanet.com,mouxVT,6/5/06
Hubie,McDavitt,hmcdavittdl@washington.edu,9UrZmlfxv,1/24/13
Allie,Prescot,aprescotdm@blogspot.com,kt0n8eMNYV,3/23/96
Hillard,Meach,hmeachdn@cocolog-nifty.com,hsXCb5yUfEB,4/2/03
Betty,Pockett,bpockettdo@about.com,vveePxcA1,6/11/02
Barnaby,Mangion,bmangiondp@bing.com,jXifGemQmGID,11/22/10
Hana,Dulake,hdulakedq@homestead.com,SRFRnRtmZ,4/3/71
Lamont,Camier,lcamierdr@amazon.com,b8Kkoklm7Ydq,3/6/15
Wilona,Rawkesby,wrawkesbyds@home.pl,mGNnCoEOvysQ,5/14/86
Forster,Firbanks,ffirbanksdt@sun.com,klTn3uYXI,12/24/73
Hermon,Bracher,hbracherdu@usa.gov,BLcYiCD09cA,12/11/88
Maddie,Boundy,mboundydv@nps.gov,pxQf76o,8/18/09
Ame,Burle,aburledw@blog.com,wAAghq255md,11/16/69
Byrom,Brient,bbrientdx@weather.com,7FYOwhSDWHS,4/25/66
Addy,Weatherhogg,aweatherhoggdy@bluehost.com,eyOReook,5/5/60
Mitzi,Ludlom,mludlomdz@hostgator.com,UCXnAnOlRc80,4/18/86
Patsy,Pickerell,ppickerelle0@noaa.gov,H7fe1v0,3/9/77
Cathee,Eamer,ceamere1@photobucket.com,fr8uZEwQQ,10/5/69
Bondy,Yakutin,byakutine2@japanpost.jp,yWXgohPM90,6/18/84
Bailey,Logsdail,blogsdaile3@quantcast.com,WeWRhgSyt,12/19/08
Franz,Spat,fspate4@alexa.com,MH2OKeIwQX,7/7/93
Candie,Mugg,cmugge5@sitemeter.com,a9eW6Oxz,6/20/71
Dall,Senecaut,dsenecaute6@mlb.com,YdVgki,9/27/87
Catharine,Ivanyushin,civanyushine7@fda.gov,7pdkfayOr,11/8/64
Esteban,Abley,eableye8@bigcartel.com,wGKNKuFu4Gep,2/19/20
Griswold,Nutton,gnuttone9@uiuc.edu,mzek72dlPC,6/28/83
Milty,Tine,mtineea@yellowbook.com,FvovhGg53A,7/24/97
Mylo,Ceaplen,mceapleneb@dailymail.co.uk,c6ApwZPTSXm,2/18/75
Sansone,Cristofanini,scristofaniniec@hao123.com,Vzov4H8,9/16/94
Rhodia,Gurnell,rgurnelled@illinois.edu,vthl8DqMvy,8/4/97
Marne,Blais,mblaisee@reddit.com,vXJevpBHrzi,5/30/61
Stephani,Cromley,scromleyef@angelfire.com,OOuUMleWzv2B,2/7/97
Hildegarde,Bellas,hbellaseg@feedburner.com,7nan1RcEw6Kh,1/7/92
Angela,Aldis,aaldiseh@unicef.org,munTHzhXnU,3/11/88
Erv,Wych,ewychei@hud.gov,z3NWCnXbNuH,10/23/70
Thorndike,Westmore,twestmoreej@joomla.org,X9WmANM37754,3/17/76
Ambur,Kohn,akohnek@spiegel.de,ly2XRx,5/25/94
Melany,Carsberg,mcarsbergel@jiathis.com,DbQjODZB,7/10/68
Kristopher,Ferriere,kferriereem@spotify.com,0ycHwjX4GLX,3/7/05
Melania,Keiling,mkeilingen@tumblr.com,Py3q4V2,9/3/97
Cayla,Wrey,cwreyeo@comcast.net,4cPVn9,4/12/03
Robyn,Kiloh,rkilohep@zimbio.com,E0mdqTjhAzo,8/25/14
Darlleen,Grieg,dgriegeq@mlb.com,MX3jJpjM,6/22/86
Ulrick,Sidney,usidneyer@google.es,EcxEun4CWe,9/19/79
Amalita,Marqyes,amarqyeses@irs.gov,9fpXPG,6/15/91
Geri,M'Quharge,gmquhargeet@nytimes.com,B3QUvoJ5M7IV,5/8/19
Paige,Kemish,pkemisheu@latimes.com,Zg3exUwmNQ,9/30/63
Tonye,Lesurf,tlesurfev@etsy.com,AP5Tz0nX,2/9/99
Darsie,Kelloway,dkellowayew@samsung.com,MiavIoM,12/4/98
Fanny,Libri,flibriex@hugedomains.com,5Mmu7moL,5/1/01
Harry,Torbet,htorbetey@cornell.edu,QVYqM5j,11/24/95
Glenn,Bickmore,gbickmoreez@canalblog.com,diRueeaINE,6/19/90
Nadeen,Bancroft,nbancroftf0@tripadvisor.com,h3RhUbbH8o,1/12/10
Goldina,Pimerick,gpimerickf1@ted.com,2uIdgJKg9,9/23/13
Rivy,Rayhill,rrayhillf2@skype.com,9JcEQEF2,12/29/70
Lacy,Shellshear,lshellshearf3@ucoz.ru,JmjRgd,4/1/70
Angel,Mottinelli,amottinellif4@msu.edu,iEZRI5BY,8/18/65
Alyosha,Gullan,agullanf5@dropbox.com,03mGVKhw,10/15/13
Kacy,Pepperrall,kpepperrallf6@google.nl,nn4Cyr8,1/7/87
Martie,Yearnes,myearnesf7@seattletimes.com,cNOWBAXF,6/21/96
Gunner,Scotti,gscottif8@dropbox.com,Zzb44zQ,5/8/06
Glennis,Kairns,gkairnsf9@seesaa.net,iHpkSwNA3,11/2/74
Peg,Fennick,pfennickfa@noaa.gov,f36iHw,7/2/68
Tabbie,Broomfield,tbroomfieldfb@amazon.com,Y3dcnqasVh,4/25/67
Nonnah,Birkhead,nbirkheadfc@simplemachines.org,UEwGLivuqu6B,5/6/84
Duke,Lipsett,dlipsettfd@yahoo.com,8QRQz1j,11/15/81
Benjamin,Tittershill,btittershillfe@drupal.org,buEKAwo,12/24/91
Reidar,Winckles,rwincklesff@1688.com,CuVolqBbCoG4,4/27/18
Brnaby,Zettoi,bzettoifg@psu.edu,TQNRpwiwKO,3/10/84
Fanechka,Bass,fbassfh@soundcloud.com,ogGwERn6,8/15/00
Lindsy,Mixworthy,lmixworthyfi@cbc.ca,ebP5Og,9/7/67
Ede,Mintoft,emintoftfj@gov.uk,qHq4qOyBhkd,2/15/16
Sinclare,Menichillo,smenichillofk@samsung.com,aPx8nSI,12/31/02
Norry,Guly,ngulyfl@sitemeter.com,gIOcNzqJk5PZ,8/24/18
Patin,Bickell,pbickellfm@vinaora.com,wujmacoN6HO,10/9/87
Graeme,Alcock,galcockfn@youku.com,5gUeNMwgsSY,10/27/98
Betteann,Aspenlon,baspenlonfo@whitehouse.gov,3zuNo24zPS,5/19/70
Tracy,Wisdish,twisdishfp@icio.us,IoKkW4HX9U,7/8/64
Billi,Sallarie,bsallariefq@amazon.com,z05jZQjL,10/1/12
Gawen,O'Flynn,goflynnfr@illinois.edu,FlSjwFXET9a,4/15/17
Stevie,Pellew,spellewfs@cargocollective.com,d0OkkYRM2zM,1/21/06
Rossy,Dives,rdivesft@addtoany.com,xplVVB,7/16/17
Darryl,Hacksby,dhacksbyfu@dropbox.com,XEOI8PD1,4/22/96
Anjela,McGrudder,amcgrudderfv@zdnet.com,xNi5lABqkkV,1/5/18
Agathe,Guilbert,aguilbertfw@shutterfly.com,tYfrcyb86ab,7/16/76
Dew,Redford,dredfordfx@disqus.com,78EWRTKZ,7/6/83
Chas,Lavrinov,clavrinovfy@bravesites.com,PKZ6tuGq,7/8/72
Allie,Beakes,abeakesfz@aboutads.info,qPU39fvcdtv,2/13/73
Abigail,Caldera,acalderag0@irs.gov,mAbFh0,8/25/77
Josee,Roseburgh,jroseburghg1@smh.com.au,ByEQ4VQV2OL,7/5/99
Esteban,Sothcott,esothcottg2@mayoclinic.com,5XQwfN,4/4/99
Rozelle,Float,rfloatg3@wisc.edu,picqR7lEFkd,12/2/04
Shirline,Fibbit,sfibbitg4@zimbio.com,ahZReGyKasJ,12/24/73
Etheline,Richel,erichelg5@fastcompany.com,kFoiRyTHaUB,5/3/66
Neel,Hardi,nhardig6@hhs.gov,VU5xQXtnP,6/27/15
Tanitansy,Mahony,tmahonyg7@nps.gov,UTu60HBRHF4r,6/15/61
Holmes,Rummings,hrummingsg8@sciencedirect.com,9EW3sPgH9,5/20/03
Sayres,Able,sableg9@intel.com,u4YhqzNrHgjP,4/11/73
Lorraine,Mila,lmilaga@foxnews.com,Tl3LarsWtf,5/2/06
Melly,Brimble,mbrimblegb@nbcnews.com,aB2e8CYAqB8l,4/13/96
Durand,Rissom,drissomgc@exblog.jp,tRzU7l,9/13/66
Verile,Eccleston,vecclestongd@deviantart.com,LExXbwNHcRh,5/25/98
Stavro,Wholesworth,swholesworthge@soundcloud.com,5deXowmE0F,11/24/70
Kathy,Arrault,karraultgf@narod.ru,3jnlgbvfc0b,4/5/77
Huntlee,Getty,hgettygg@discuz.net,xitIIyG,8/9/19
Janenna,Cummins,jcumminsgh@wisc.edu,uUg06Ul1RR,9/12/88
Ole,McGinnis,omcginnisgi@washingtonpost.com,gKrwgkPeAD,12/25/77
Alli,Aucutt,aaucuttgj@comsenz.com,7CEHfpxd4,7/28/00
Merola,Barrim,mbarrimgk@networkadvertising.org,C3rTOYkYX,1/30/67
Margarita,Sperling,msperlinggl@storify.com,iHrI25CDNOJ,4/17/01
Ethel,Colloff,ecolloffgm@statcounter.com,aGlP6b1wZn,3/12/83
Agnese,Eskrigge,aeskriggegn@tiny.cc,RepCHiu5edHy,11/2/68
Reinaldo,Huggons,rhuggonsgo@shutterfly.com,pPPyAqkjv0,10/31/11
Hebert,Fullager,hfullagergp@printfriendly.com,dwbSV7Adn,11/24/72
Lissie,Bickmore,lbickmoregq@nytimes.com,qxfMp9rbW,6/7/66
Chrissie,Braunter,cbrauntergr@eventbrite.com,b4alUCEyHoGm,10/9/00
Peggy,Langthorne,plangthornegs@mapquest.com,iGJ8QiELzR,5/25/17
Catherine,De Wolfe,cdewolfegt@goodreads.com,QaM15OEvlY8,6/1/05
Ruddie,Skim,rskimgu@sourceforge.net,whLhNXwN3,7/31/74
Abramo,MacDermand,amacdermandgv@t-online.de,On9gr96,7/18/04
Zed,Isaq,zisaqgw@prlog.org,Cz2Ku1Ec0zyg,3/5/83
Binny,Salmon,bsalmongx@tinypic.com,h3axOmIKekgA,7/18/01
Vickie,Farfull,vfarfullgy@cloudflare.com,pq4czzLUi,9/14/74
Ronni,Schulz,rschulzgz@ning.com,XFBG7g,12/11/02
Rodney,Mayall,rmayallh0@omniture.com,jOAjvcmyuSB,1/3/68
Duffie,Antonoczyk,dantonoczykh1@ow.ly,Mb4z1oXAj8t,7/23/62
Wendell,Janiszewski,wjaniszewskih2@cisco.com,Z6X4Y5NEo9S,7/9/74
Coleen,Blest,cblesth3@cam.ac.uk,k8rOXTBz7HC,3/10/04
Nate,Presdee,npresdeeh4@homestead.com,bkbMWUmJS,12/30/15
Gilberta,Vasyaev,gvasyaevh5@geocities.com,VMpFBM0kB1n,10/10/77
Nyssa,O'Leary,nolearyh6@cnet.com,QRZsUfNlcHS,4/21/99
Lauretta,Stores,lstoresh7@jigsy.com,JdAWpTUnV,8/21/73
Sully,Alasdair,salasdairh8@craigslist.org,n2JKWdg,10/22/16
Emmet,Brocks,ebrocksh9@slate.com,3ktjvlD0J,1/21/78
Corrine,Mouan,cmouanha@twitpic.com,fVoHCjO,9/19/18
Vanna,Talkington,vtalkingtonhb@freewebs.com,gDFRun,1/23/90
Niko,Melvin,nmelvinhc@tuttocitta.it,DAF14b,6/3/92
Daveen,Colquyte,dcolquytehd@msn.com,FMMImXFE,12/10/02
Brandtr,Caneo,bcaneohe@hhs.gov,dJPs37ZUq,10/4/76
Alon,Terne,aternehf@accuweather.com,nqZeyuZqD6W7,6/1/19
Dirk,Gronav,dgronavhg@cam.ac.uk,9q6hD4uoT,1/6/92
Horatio,McDoual,hmcdoualhh@etsy.com,d0fMED,9/13/09
Kathi,Bagehot,kbagehothi@bbc.co.uk,0xtmLAkdfOsE,8/31/86
Aguste,Starkey,astarkeyhj@army.mil,uTQUoVc,4/22/61
Imojean,Rumble,irumblehk@mediafire.com,gctBaMOj,10/25/63
Herbie,Perl,hperlhl@wikimedia.org,UL8Biz,12/23/82
Robb,Garvill,rgarvillhm@storify.com,pXrsZwJMfO,12/7/94
Christie,Denekamp,cdenekamphn@uiuc.edu,G6KMFqNvdvR,7/14/60
Bar,Blomefield,bblomefieldho@xing.com,NaoSiS,5/13/70
Kimberly,Landis,klandishp@sina.com.cn,gvGO0y,6/27/06
Josefina,Barnwille,jbarnwillehq@nba.com,fJMrVOFwYuo,7/10/94
Onofredo,Fallis,ofallishr@cbc.ca,nQFHDKN88OlD,7/28/04
Garth,Raisbeck,graisbeckhs@rediff.com,54lP203O,1/3/62
Lesli,Carlow,lcarlowht@dion.ne.jp,5YX5GJifXqG,8/7/62
Bartlet,Lamprecht,blamprechthu@kickstarter.com,JeBb9iu,11/26/07
Granville,Kollach,gkollachhv@loc.gov,k9Wb8CY2,1/1/11
Kyrstin,Stonhard,kstonhardhw@purevolume.com,EkePotu,11/8/91
Gerard,Ruddock,gruddockhx@ox.ac.uk,lKqQ0cyg9F,1/14/73
Angy,Maxwale,amaxwalehy@economist.com,v5dRVuZ,8/27/95
Rafaelia,Normanville,rnormanvillehz@prweb.com,DNy5ccU,4/26/93
Peirce,Hackney,phackneyi0@ox.ac.uk,WcHbu7D,8/12/08
Melosa,Blamphin,mblamphini1@foxnews.com,mpmDl3,7/5/09
Ezmeralda,Gribbin,egribbini2@diigo.com,71oXvoM1B,6/16/14
Joshia,Thoumasson,jthoumassoni3@t.co,ubio3UD,7/2/71
Barnaby,Woodsford,bwoodsfordi4@behance.net,k8RZtNqsa,2/28/83
Heriberto,Webb-Bowen,hwebbboweni5@theatlantic.com,0065qg,9/5/86
Alidia,Thrasher,athrasheri6@dmoz.org,GsWmuTw1p,3/4/62
Jeri,Ewer,jeweri7@seattletimes.com,zqywnifMrpZJ,10/13/93
Alwyn,Birkin,abirkini8@netlog.com,ijAGKuJU,12/1/12
Shelagh,Keasey,skeaseyi9@odnoklassniki.ru,pfUNZP,11/25/62
Aldric,Gwalter,agwalteria@ted.com,tgMpVBPD9,11/1/14
Kyla,Duffit,kduffitib@bizjournals.com,2HoCnJSg7C,6/17/92
Torey,Ainsworth,tainsworthic@smugmug.com,rdrf9LdmmZFO,11/18/03
Bryn,Storrs,bstorrsid@phoca.cz,RdnyQVCxx3,6/16/12
Darius,Arminger,darmingerie@twitter.com,Ig1HxTNYp,6/10/95
Olivia,Repp,oreppif@mapquest.com,QyfcFK,6/26/13
Anjela,Hatchman,ahatchmanig@ocn.ne.jp,UCNUUuvT,9/5/00
Ellerey,Stoakley,estoakleyih@toplist.cz,Kv58CnI6Vq,2/1/79
Gawain,Mayfield,gmayfieldii@cnn.com,wFPFV7,10/16/74
Domini,Rubinfeld,drubinfeldij@redcross.org,ePiXhYH4Yfu6,5/10/19
Aldo,Radke,aradkeik@elpais.com,nXSLXfz7BRq,8/22/97
Gustaf,Primo,gprimoil@sbwire.com,OfJqZ2ps9,2/18/18
Muhammad,Crecy,mcrecyim@princeton.edu,tKoY0uONosu,3/11/09
Angy,Scarrott,ascarrottin@51.la,IDwZ4WtdwS,5/19/75
Nonie,Jaquemar,njaquemario@163.com,vScAuMEAdk,9/3/64
Karylin,Mogra,kmograip@spiegel.de,vAnfGo8hCr,2/2/97
Pascale,Behrens,pbehrensiq@facebook.com,Pm8LNXg,2/19/68
Devin,Ludewig,dludewigir@geocities.com,Cvs9IJsXKf,11/15/94
Bary,McNeely,bmcneelyis@diigo.com,mvsfnV,9/21/97
Rochester,Pech,rpechit@fda.gov,hv3dSkwPUL,12/3/97
Remington,Masson,rmassoniu@forbes.com,nQ6aJbe2ZVc,10/23/91
Crystal,Bilofsky,cbilofskyiv@yale.edu,D6vo4g,5/26/12
Elysha,Berkowitz,eberkowitziw@sohu.com,jEWA7O,10/26/64
Yoshi,Cardno,ycardnoix@dot.gov,7aqd79ih,9/28/76
Janith,Broomer,jbroomeriy@google.nl,JsQDIKu,2/15/19
Gareth,Gionettitti,ggionettittiiz@google.cn,sU4wUV158,11/13/81
Ailina,Flexman,aflexmanj0@tumblr.com,H6cDHA,5/27/73
Pris,Lippitt,plippittj1@gizmodo.com,PvBrhx3,9/14/73
Yoshi,McPeice,ymcpeicej2@virginia.edu,8VpVFUp2Km7,9/13/18
Torey,Edgars,tedgarsj3@ifeng.com,QriM2zu3yof,3/24/65
Caroljean,Merigon,cmerigonj4@behance.net,LUa2mt1,11/7/02
Woodman,Bursell,wbursellj5@unblog.fr,9cfs9Zkj,1/18/99
Nels,Fairs,nfairsj6@wikia.com,PQa5ckFtDaXs,9/24/63
Renie,Donalson,rdonalsonj7@google.com.hk,yfLApaGcXn3,9/13/81
Roddy,Taverner,rtavernerj8@ovh.net,3ybWLW2gyC,4/30/96
Gisella,Greedy,ggreedyj9@drupal.org,LcDiljMA,8/20/16
Dorothee,Union,dunionja@adobe.com,YgYmDC1iE,7/28/65
Nisse,Sappson,nsappsonjb@youtu.be,Suycz4,10/31/66
Sophronia,Pimlock,spimlockjc@hc360.com,D87NCn,10/30/86
Torey,Brellin,tbrellinjd@joomla.org,7vG6lw,7/19/19
Geoff,Fley,gfleyje@list-manage.com,kIydSWHmz,3/27/73
Clemmy,Jerams,cjeramsjf@who.int,bQidm1,6/3/67
Bobina,Vassall,bvassalljg@alibaba.com,O1vpHBS,10/23/63
Linzy,Windebank,lwindebankjh@jalbum.net,fgAZ34MKHTkR,5/23/02
Koo,Clacson,kclacsonji@illinois.edu,eokE3wGDS,2/20/63
Jerrie,Blatcher,jblatcherjj@ebay.co.uk,BHqPXwZaua6n,7/9/75
Norri,Diamant,ndiamantjk@businessinsider.com,me9XhCDEFL,12/31/78
Sella,Hriinchenko,shriinchenkojl@berkeley.edu,aaFgWjewDr,12/20/60
Herbie,Marjanovic,hmarjanovicjm@prweb.com,hnsJQwtvAF3c,8/22/66
Miquela,Chave,mchavejn@house.gov,AhZStGhM,7/30/66
Jarvis,Wonter,jwonterjo@wisc.edu,gfiPwh5Vyh,9/18/02
Robbert,Fennelow,rfennelowjp@bizjournals.com,IepH7Q,12/3/15
Darda,Brotherhed,dbrotherhedjq@theglobeandmail.com,1Dw0pUw,4/5/19
Meredeth,Illsley,millsleyjr@ning.com,CS3ISO,7/5/02
Augustine,Giottini,agiottinijs@hud.gov,gh7fyT8su,10/22/78
Camey,Dreng,cdrengjt@mlb.com,O6pzWdPUobf,11/16/61
Marcy,Walasik,mwalasikju@paginegialle.it,rqDgDnTJP,6/13/81
Arabella,Diwell,adiwelljv@kickstarter.com,NwI0GHF7L,3/7/15
Rachael,Nicklin,rnicklinjw@umn.edu,BulOE4Vdrdhs,10/23/12
Nigel,Duffyn,nduffynjx@hao123.com,A8D4JXR8w,3/30/98
Bradly,Castellan,bcastellanjy@jiathis.com,BrMIigu30H,3/22/87
Katharine,Billin,kbillinjz@godaddy.com,9bdd8oCF,2/17/84
Job,Limb,jlimbk0@blogs.com,2RBw9sTfKnx,6/22/00
Gauthier,Paddemore,gpaddemorek1@hibu.com,DGOslYv8y3NJ,2/19/67
Naomi,Mashal,nmashalk2@multiply.com,GYwHQ2KTfsj,5/24/62
Pen,Delort,pdelortk3@free.fr,ppoUic872b,10/4/96
Benedikt,Snoddin,bsnoddink4@wikipedia.org,v2tPas5tZH,6/4/95
Thorn,Domingues,tdominguesk5@dyndns.org,1GWQPxu1,7/2/18
Wylma,Batho,wbathok6@skype.com,1G37sE2sV2CK,5/20/82
Jessy,Hallawell,jhallawellk7@imgur.com,hFeQbax3nu,12/5/17
Cordelia,Probey,cprobeyk8@sun.com,ehIH0DV,1/25/65
Jo-ann,Goding,jgodingk9@blogspot.com,soN6w5cji,7/9/64
Bartholemy,Beardsell,bbeardsellka@drupal.org,f9OKi6Ls0bP,6/12/66
Tonia,Sieve,tsievekb@techcrunch.com,43wCNCWC6W,4/16/08
Jayme,Mattsson,jmattssonkc@t-online.de,GW9UNkcQS1pt,7/29/62
Dorian,Borrett,dborrettkd@homestead.com,LeBRvTIzX,3/31/88
Kerstin,Richmond,krichmondke@51.la,tNQkJfIrLyn,7/5/10
Brander,Monson,bmonsonkf@google.cn,mk9kfXR,11/23/71
Chris,Ede,cedekg@wikia.com,WTy4UIAO,4/25/74
Godfry,O'Dogherty,godoghertykh@stumbleupon.com,uII9IO6T8,12/4/94
Crawford,Dusting,cdustingki@free.fr,1TEzIOi109Lm,6/15/68
Nathanial,Litel,nlitelkj@nydailynews.com,W8BNplpUfL,10/3/71
Jillie,Hammill,jhammillkk@marketwatch.com,1a6TCmq753D9,4/6/86
Carlyle,Reader,creaderkl@themeforest.net,5rbD5xPfM1,11/9/00
Andrew,Tearle,atearlekm@smh.com.au,y3zNojipkSMI,12/3/64
Ginnifer,McElroy,gmcelroykn@purevolume.com,iwRKtoXXV,9/3/11
Dottie,Pocklington,dpocklingtonko@nih.gov,DSQJdl88naaw,12/8/92
Tamra,Geelan,tgeelankp@alibaba.com,7nFya2Vc3wS,11/17/94
Rolfe,Creamen,rcreamenkq@addthis.com,hsvzneXw7ISA,11/3/13
Emilia,Kirkness,ekirknesskr@1688.com,gU5Acmz1knxY,9/5/71
Baird,Wyllis,bwyllisks@artisteer.com,zB8oegWO14,9/5/19
Anica,Jennick,ajennickkt@microsoft.com,0uEGSt7upUZ,1/9/75
Delmore,Quare,dquareku@biblegateway.com,7R8uFJ4gH0x5,11/26/93
Baxter,Hansod,bhansodkv@mashable.com,CNbCmqVcq,10/22/18
Bernadina,Bindin,bbindinkw@paypal.com,zcBQaCMMHp,7/30/09
Kellen,Wigley,kwigleykx@altervista.org,Qmd0TG2jhjo,1/12/05
Kaylee,Weatherburn,kweatherburnky@github.io,7D897nyqFxc2,8/31/00
Kizzee,Jacquemard,kjacquemardkz@vistaprint.com,8llyA0W,7/18/66
Agatha,Hellewell,ahellewelll0@google.com,KCCj5yf,9/23/00
Jerrilee,Santoro,jsantorol1@upenn.edu,sk4Nw4XA,5/10/66
Ollie,Delnevo,odelnevol2@mit.edu,LTxEQRFroJ,5/10/66
Stavro,Magnus,smagnusl3@slideshare.net,hSyphXo,11/3/99
Hyacintha,Arnolds,harnoldsl4@tmall.com,EwR0Y6,10/22/16
Catarina,Castaner,ccastanerl5@cbc.ca,qwqL7WD9,5/13/89
Fee,Castanos,fcastanosl6@washingtonpost.com,X2IHATvOaZE,4/17/73
Walt,Lipman,wlipmanl7@imgur.com,LVPvgyzNq,12/11/90
Gregorius,Thurman,gthurmanl8@netlog.com,40r4xWr,4/18/62
Flore,Warde,fwardel9@scribd.com,pBhlEwBEDBkT,9/6/83
Eve,Barden,ebardenla@tinyurl.com,rlnBWlNH6,9/22/98
Melisenda,Sey,mseylb@angelfire.com,Aqbkt8I,2/20/62
Bridget,Fritz,bfritzlc@foxnews.com,VY8PLy8,6/25/91
Drucy,Casaro,dcasarold@wunderground.com,wQs7oi,9/27/86
Kliment,Cottrell,kcottrellle@cyberchimps.com,utWNXRA,7/29/69
Tadeo,Donahue,tdonahuelf@princeton.edu,0qrdAqn,5/5/73
Irena,Gavozzi,igavozzilg@indiatimes.com,D1OSU19,1/18/67
Alys,Shera,asheralh@unblog.fr,vMci3gX1t,5/13/03
Verna,Roper,vroperli@domainmarket.com,vBfwInfrH,2/25/16
Ellene,Stubbs,estubbslj@baidu.com,RsH5hxZ,5/12/91
Kahlil,Ondracek,kondraceklk@hao123.com,Q1tefAyL,10/3/11
Henderson,Ciciari,hciciarill@hostgator.com,7gdYas94MQBe,8/3/08
Hilliary,Bendell,hbendelllm@wordpress.org,I1lQGJXcQ051,4/26/11
Daffy,Highway,dhighwayln@aol.com,BflrCE,10/13/09
Lynnelle,Seyler,lseylerlo@ftc.gov,dRd3VEJM,2/12/07
Konstantine,Tedman,ktedmanlp@naver.com,xqW4aIH,1/11/70
Bell,Peare,bpearelq@ebay.co.uk,jWkbo0,6/11/84
Dayna,Gatley,dgatleylr@dyndns.org,q8rzJe9CCOg,10/2/00
Sebastiano,Bratten,sbrattenls@auda.org.au,CeELaOys,5/14/67
Barty,Shadwick,bshadwicklt@theglobeandmail.com,fCcegR,10/17/75
Tabb,Nisard,tnisardlu@youku.com,LtUlobB,6/2/90
Else,Hundey,ehundeylv@tinyurl.com,pum9P4ThC,12/6/82
Fay,Galbraeth,fgalbraethlw@marketwatch.com,kBnkB9,4/5/14
Cyrill,Cuzen,ccuzenlx@barnesandnoble.com,S4t3dkIU,2/26/90
Otis,Tarbath,otarbathly@nationalgeographic.com,d7CuvM,12/20/83
Latia,Whiscard,lwhiscardlz@pagesperso-orange.fr,Y5wJEPPU,12/4/61
Wilona,Gorries,wgorriesm0@ameblo.jp,qDUYz7,1/26/86
Phaedra,Byart,pbyartm1@github.io,BsaezX,4/1/74
Ricky,Cleare,rclearem2@rediff.com,RJRcVoLZ,6/9/69
Lothario,Suttill,lsuttillm3@theguardian.com,4xDuyKRA,4/17/10
Aurlie,Boreland,aborelandm4@wikispaces.com,SLKPZWKe,4/6/63
Archibold,Jencey,ajenceym5@wiley.com,ymv5VWS,7/24/17
Doralia,Mulcaster,dmulcasterm6@fastcompany.com,RW7ADD,1/23/91
Gael,Brooksbie,gbrooksbiem7@ycombinator.com,R9ClPZ,10/28/11
Marrissa,Wrightson,mwrightsonm8@hubpages.com,PqCWC19whE,7/20/77
Hailey,Corbridge,hcorbridgem9@unblog.fr,OCcpygzPTF,11/24/76
Darline,Suston,dsustonma@japanpost.jp,sw5amI,10/6/97
Stace,Domotor,sdomotormb@xinhuanet.com,zYjHbBD7I,9/19/87
Gail,Borrowman,gborrowmanmc@wikimedia.org,vwl4HVZD8l,9/27/94
Sanderson,Cowmeadow,scowmeadowmd@shareasale.com,omrOtN,9/13/88
Emmerich,Harfleet,eharfleetme@networksolutions.com,JwnlLM8jmk,2/22/97
Eugine,Picot,epicotmf@amazon.com,aLeQoAIfJUR,3/14/09
Danella,Matejka,dmatejkamg@sohu.com,glDIZF,7/5/83
Florentia,Braunton,fbrauntonmh@geocities.jp,uJ0rgLFCt9A,6/28/68
Hertha,Wiggall,hwiggallmi@dell.com,6cfiEq2,2/13/74
Lindy,Parlett,lparlettmj@pagesperso-orange.fr,UVlPm4,9/28/76
Saudra,Ather,sathermk@va.gov,lOHN44cF,11/13/74
Waverly,Wadforth,wwadforthml@joomla.org,vXN8RQ281N,3/9/07
Rosco,Attoe,rattoemm@feedburner.com,zBUVz4rQ,1/21/11
Kore,Lavallin,klavallinmn@indiatimes.com,9Cjmd3c,6/19/82
Matthias,Tolotti,mtolottimo@earthlink.net,Tb68sDqW,6/14/06
Camille,Iacomi,ciacomimp@sakura.ne.jp,8iuWHoLiiHQ5,5/17/67
Bryn,Benediktsson,bbenediktssonmq@blogtalkradio.com,TUjubsJziWUh,8/23/13
Pippa,Mottinelli,pmottinellimr@bbb.org,cu3Tzq,3/17/97
Elberta,Belone,ebelonems@indiegogo.com,DKREWBW,9/18/68
Agace,Hixley,ahixleymt@webmd.com,nA10APMo,1/23/89
Shirl,Dundin,sdundinmu@stumbleupon.com,Na4hDo,4/4/65
Dolf,Quene,dquenemv@yandex.ru,9DI0pU3t,6/16/68
Brendon,Colquit,bcolquitmw@prweb.com,fAsV6f1LJV,4/19/08
Shoshanna,Ruperti,srupertimx@furl.net,Y0edaGE,1/6/18
Sharline,Carncross,scarncrossmy@guardian.co.uk,E7GN8MGX0,4/15/92
Daniella,Tromans,dtromansmz@cmu.edu,X17kNaT,11/21/05
Salvatore,Elsworth,selsworthn0@sourceforge.net,e1XbGvRDJJEk,5/21/67
Friedrich,Bussell,fbusselln1@cloudflare.com,ZJvGn6HhRwi,12/1/77
Suzanne,Mothersole,smothersolen2@ezinearticles.com,jnmhCnj6PCyd,4/14/61
Hermy,Pieters,hpietersn3@purevolume.com,wx0qP58Ee4h,5/1/60
Ashly,Graysmark,agraysmarkn4@comsenz.com,si9WRSaI,9/19/63
Corabella,Whitaker,cwhitakern5@vimeo.com,Bn4YRwxt1PFx,1/3/70
Natalie,Kennewell,nkennewelln6@cafepress.com,dFHJc6,10/11/92
Aaren,Kwietek,akwietekn7@instagram.com,4KeAogEII,9/17/87
Maryann,Seefeldt,mseefeldtn8@upenn.edu,54RAFSSHD,4/6/02
Olivia,Minnis,ominnisn9@harvard.edu,hwpn0rDMtG1,6/23/87
Alexa,Buckeridge,abuckeridgena@fema.gov,PyoLrw1,6/7/17
Thornton,Brocklesby,tbrocklesbynb@cnet.com,PUcW7Psa3,6/1/83
Judith,Bogies,jbogiesnc@ycombinator.com,xKwYNu37,6/29/92
Danell,Anders,dandersnd@wikispaces.com,c2jinLt,3/24/76
Carlynne,Gwatkin,cgwatkinne@cocolog-nifty.com,8rvm2LBy,7/9/67
Conroy,Fratczak,cfratczaknf@free.fr,PM1cfHrWg,8/3/60
Carling,Blanning,cblanningng@newyorker.com,hfChTIxPDVw,6/25/64
Stepha,Sigfrid,ssigfridnh@tripod.com,NeQ2Vz3RV,10/30/19
Kameko,Semrad,ksemradni@istockphoto.com,FzjqyJ1duNV,7/18/65
Aurelia,Janney,ajanneynj@networkadvertising.org,0bk80fKSaaN4,5/23/93
Darelle,Demangeot,ddemangeotnk@bing.com,rQWR6oLt,9/9/87
Susy,Paddon,spaddonnl@themeforest.net,k2LgmZ6RzZOB,2/10/83
Joela,Brownbridge,jbrownbridgenm@dailymotion.com,G5qgIra,1/6/65
Hillery,Castiblanco,hcastiblanconn@sfgate.com,tGqi3TJGtl,5/28/90
Dallon,Annon,dannonno@yandex.ru,6JfunujB2fr,2/20/15
Leland,Paoli,lpaolinp@quantcast.com,zdxsDIJhpoU,6/25/65
Gunilla,Pirkis,gpirkisnq@weibo.com,XlzhERphRRV,1/13/89
Roberta,Albro,ralbronr@amazon.com,IDZ5pECk,4/22/97
Sheila,Skaif,sskaifns@gnu.org,CWxV3S,3/4/73
Standford,Rodgier,srodgiernt@hubpages.com,JnHsJhs,1/24/78
Cami,Slegg,csleggnu@1und1.de,wu24mRRJaRMm,6/21/84
Alley,Dufour,adufournv@narod.ru,UrThORW,8/7/13
Robinet,Larkworthy,rlarkworthynw@seattletimes.com,3jFFQD,2/11/66
Kaylil,Chilcotte,kchilcottenx@ihg.com,lTLNlo1jM0,7/16/17
Debee,Maddams,dmaddamsny@flavors.me,dalh0TSCZuS,9/15/91
Bernadene,Maple,bmaplenz@aboutads.info,jBWCbwt,9/19/11
Inna,Lening,ileningo0@dmoz.org,FxS7TJoM,5/23/66
Kerry,McFadyen,kmcfadyeno1@discuz.net,skF9tNXmw9a,3/21/73
Eduardo,Wagner,ewagnero2@google.ru,SWJ1Zg0,6/26/10
Arlan,Pendle,apendleo3@aol.com,Mb5IJH,10/4/72
Bibi,Londesborough,blondesborougho4@shinystat.com,6FmAsVogssKw,7/8/96
Constancia,Piaggia,cpiaggiao5@noaa.gov,6pQpHwI,2/25/72
Marlane,Bramall,mbramallo6@com.com,7L5vIHRE4vUH,6/11/07
Cristabel,Pirnie,cpirnieo7@theatlantic.com,vtO3vZzYh,9/6/19
Lewes,Dronsfield,ldronsfieldo8@ftc.gov,ZFINSmV6Qc,9/20/87
Terri-jo,Jurczik,tjurcziko9@nbcnews.com,fjNqlsHy,6/20/87
Bridie,Colkett,bcolkettoa@geocities.jp,EZeARRSG91o,8/18/92
Gloriane,Yeardley,gyeardleyob@arstechnica.com,SZw8ERVRsS,11/29/04
Ashely,Govern,agovernoc@utexas.edu,b3y1drTeB,1/28/11
Ara,Schukraft,aschukraftod@addtoany.com,n9XoeQYUfo,3/3/20
Berenice,Cusiter,bcusiteroe@macromedia.com,EgHioufdg2ln,1/22/11
Myrle,Caisley,mcaisleyof@gnu.org,KTAxQx1t7B,6/15/06
Harmon,Harbord,hharbordog@feedburner.com,GVEY5k37,1/10/87
Caryn,Alben,calbenoh@telegraph.co.uk,PliXZ2ub,1/26/96
Gussy,Senton,gsentonoi@taobao.com,XyGa3UFNB,7/6/76
Toddy,Iddy,tiddyoj@mapy.cz,7mrjPJv3APji,11/8/00
Stanton,Daskiewicz,sdaskiewiczok@businesswire.com,dFbkuDzhGwO,4/3/78
Bibby,Caesman,bcaesmanol@tiny.cc,QkA85zL1Z,10/18/94
Darin,Dearsley,ddearsleyom@amazon.com,hnMMNRsg40,5/23/61
Blair,Barthorpe,bbarthorpeon@multiply.com,rcBrZyVh,7/25/62
Sandra,Hanbidge,shanbidgeoo@cbsnews.com,LG8qIj2EKqn,1/24/64
Gardner,Digges,gdiggesop@wisc.edu,NAGNpzBC0,6/18/92
Jerry,Pillifant,jpillifantoq@themeforest.net,4ybFtK4H,7/21/96
Ruddy,O'Geaney,rogeaneyor@comcast.net,MX7kuMUVz,4/11/13
Paolina,Knivett,pknivettos@webmd.com,0zTM4fMX,7/19/69
Gerik,Killingbeck,gkillingbeckot@sitemeter.com,gNehe6bqHt,10/17/14
Titus,Ingrey,tingreyou@sourceforge.net,629MhWBlc1xo,1/21/12
Elisabetta,McDonnell,emcdonnellov@springer.com,lsqGBBEi,3/4/69
Callean,Glazyer,cglazyerow@theguardian.com,p16O9ETcY,2/4/65
Evelyn,Rucklesse,erucklesseox@google.co.uk,LyMFvVeTYmz,11/15/05
Adelind,Cousin,acousinoy@wikimedia.org,mrVyqnzGT,12/7/83
Robbie,Mersey,rmerseyoz@furl.net,ARABCd,12/8/99
Garv,Gentry,ggentryp0@irs.gov,5gaNZ7E,2/8/88
Shayna,Ybarra,sybarrap1@kickstarter.com,K7OvZL1I,5/4/04
Northrup,Fleeming,nfleemingp2@telegraph.co.uk,aob8arsujwVG,12/13/91
Bobby,Mothersdale,bmothersdalep3@chronoengine.com,fc6NqYWAeyG,1/11/71
Clair,Mcimmie,cmcimmiep4@php.net,5IaLcRQXYDf,4/29/78
Rivalee,Pass,rpassp5@biglobe.ne.jp,iGuVWYyyVH,4/23/84
Bastien,Casella,bcasellap6@booking.com,nHn5B4S5b9nP,10/27/13
Nero,Bendixen,nbendixenp7@sciencedirect.com,yB3METG0B,3/7/14
Kathy,Blincowe,kblincowep8@lycos.com,CPprklVPzLCg,10/8/87
Shermy,Traut,strautp9@archive.org,AqZVTL8Zz,9/19/61
Nomi,Millwall,nmillwallpa@cnet.com,SWvTCCv0m6,5/22/00
Jarrad,Jurries,jjurriespb@virginia.edu,u1xdCggH,3/23/73
Orran,Markey,omarkeypc@deviantart.com,mo1mqM,5/11/18
Dodie,Dugall,ddugallpd@ycombinator.com,1wuc2DeMK8,4/15/19
Ardith,Aymer,aaymerpe@example.com,pmFxw2qi,8/31/80
Moyra,Tuny,mtunypf@furl.net,BdJ4BzWy,6/25/19
Laura,Espinel,lespinelpg@macromedia.com,QtK6KvLlQG,8/1/08
Frederic,Greasley,fgreasleyph@123-reg.co.uk,yJ5jY3w,6/10/88
Ernesta,Service,eservicepi@census.gov,WB2j8m,7/24/02
Godfrey,Mcimmie,gmcimmiepj@youtu.be,3no6VnmBy,6/1/85
Dix,Pirot,dpirotpk@vimeo.com,fFv76aI,5/18/17
Queenie,Bratten,qbrattenpl@cnbc.com,jKkS07I2,8/10/11
Janis,Scherer,jschererpm@soundcloud.com,if2WbiJV,9/21/92
Killy,Neaverson,kneaversonpn@who.int,Ma1qsolokmeO,10/14/98
Freddie,Morratt,fmorrattpo@blogtalkradio.com,tiyOgDzw,12/24/09
Andi,Wylam,awylampp@booking.com,C9HbuzcRDod8,11/24/73
Arther,Tooher,atooherpq@ycombinator.com,HS9l4rtJcU,6/7/86
Casey,Anthes,canthespr@cdc.gov,Trmjy9KF0B4c,7/15/68
Renelle,Jacobsohn,rjacobsohnps@java.com,nZYX7JVUKi,12/18/74
Jeffry,Pim,jpimpt@etsy.com,XYD0RB,1/19/84
Mae,Crichton,mcrichtonpu@auda.org.au,YEKamJvav1,5/30/83
Jordana,Balsellie,jbalselliepv@cloudflare.com,Z1VwUxnVlA,4/4/64
Raychel,Wroath,rwroathpw@lycos.com,ASPrqPRkI,3/31/96
Konrad,Lyness,klynesspx@msu.edu,dtKlAYUPKS,12/5/02
Cynthia,MacQuist,cmacquistpy@blogtalkradio.com,Mg4sw8RKy,12/22/97
Bonnee,Ashlin,bashlinpz@springer.com,teKMxm0tSg,11/14/83
Gard,Westwood,gwestwoodq0@apache.org,SsbrNuT,3/9/20
Marlena,Parkhouse,mparkhouseq1@tmall.com,tzEnakhmOAtY,2/28/77
Ethyl,Whipple,ewhippleq2@theglobeandmail.com,6AO71g,1/25/82
Gannon,De Brett,gdebrettq3@slashdot.org,2h8ApTRfeXg,3/4/20
Bambi,Hawkins,bhawkinsq4@google.nl,3LEUcJTUK,11/11/63
Robenia,Paull,rpaullq5@patch.com,q7uGIzZY1g,1/1/65
Siana,Manes,smanesq6@omniture.com,ioE218,1/20/16
Griselda,Marnes,gmarnesq7@oracle.com,UYJYjqZwK1,11/30/96
Marcellus,Tuttle,mtuttleq8@netlog.com,tsFMMFKZJz,1/26/77
Herbert,Abisetti,habisettiq9@devhub.com,bcE4tdH3PEC,2/25/79
Hillard,Ricket,hricketqa@biglobe.ne.jp,L1ufXMr5,12/11/98
Julianna,Pavlitschek,jpavlitschekqb@ifeng.com,RVvw15y,7/8/81
Natalya,Stobie,nstobieqc@ox.ac.uk,qIGCY2YJ6px,7/31/80
Goldie,Vanderplas,gvanderplasqd@ameblo.jp,rfxn2XmaKg,3/12/13
Sibyl,Mountstephen,smountstephenqe@photobucket.com,F1HKXuY37q,10/16/71
Kyla,Crinkley,kcrinkleyqf@pbs.org,vYlWRM8Zbsy,1/8/67
Fanchon,Muckian,fmuckianqg@pbs.org,yjK00zhZE,10/31/92
Levey,Varlow,lvarlowqh@wordpress.org,no7nQCW2,5/2/92
Penn,Mathiassen,pmathiassenqi@mapquest.com,OXuYuS,8/25/64
Ingunna,Whimpenny,iwhimpennyqj@simplemachines.org,tJ5R3oIE2ZR,7/15/71
Obadias,Glossop,oglossopqk@networksolutions.com,z9NPpZEsyh4F,4/6/09
Leda,Piercy,lpiercyql@elegantthemes.com,QtMZub,7/31/67
Arlyn,Piwell,apiwellqm@cdc.gov,kmVzMkXM,11/24/94
Lucky,Opdenort,lopdenortqn@amazon.de,ZP2rCNL,3/22/98
Lyndsay,Snowdon,lsnowdonqo@about.com,mIQMVRrG,5/18/63
Lark,Livzey,llivzeyqp@de.vu,1U8bkwIm6kAm,12/19/09
Michal,Warn,mwarnqq@last.fm,lrSpSOxVT,8/3/99
Emelita,Danilchik,edanilchikqr@samsung.com,iCrhrDHkE,4/21/86
Ludovico,Krzysztofiak,lkrzysztofiakqs@netscape.com,RAc7InONt3Y,10/12/91
Ursulina,Simla,usimlaqt@kickstarter.com,NJlV0ngMOiU,10/11/84
Rosalie,Keyhoe,rkeyhoequ@wordpress.org,moiOBEWslLT,6/25/03
Jo-anne,Ciccottini,jciccottiniqv@sphinn.com,ZU4fZBcemM,1/3/86
Lou,Gawthrop,lgawthropqw@wordpress.com,Se9Mda6h1o,10/3/97
Demetris,Yurchenko,dyurchenkoqx@marketwatch.com,CgR01VpL,3/3/20
Sissie,Tricker,strickerqy@w3.org,pSNrQ0J91,11/3/10
Sayer,Muckle,smuckleqz@eepurl.com,aOtwbY5,3/12/79
Skippy,Gonnard,sgonnardr0@nsw.gov.au,yKpSIF,7/28/82
Marlena,Ackred,mackredr1@i2i.jp,YHumc5EN,7/22/01
Tully,Guinane,tguinaner2@nationalgeographic.com,oBCzXh,11/21/19
Livvy,Feye,lfeyer3@themeforest.net,UcNmyiRzFbsW,10/7/75
Pavla,Figger,pfiggerr4@sfgate.com,CFjukqiW61SJ,12/18/06
Abdul,Grotty,agrottyr5@t-online.de,zGBtwE0l8,7/5/77
Myca,Jindracek,mjindracekr6@mac.com,fLYgjIw,2/20/12
Reginald,Niset,rnisetr7@admin.ch,p72oXEEN7X,11/8/63
Lib,Hilary,lhilaryr8@stumbleupon.com,omHXYOT,5/22/75
Gillie,Leser,gleserr9@yahoo.co.jp,rYIbvtQsKl,5/10/92
Konstance,Salleir,ksalleirra@xrea.com,OJIaoroUnM,4/14/70
Colas,Phillins,cphillinsrb@themeforest.net,1sSvUxTc1T,11/11/78
Lucias,Petigrew,lpetigrewrc@amazon.co.jp,eTIFyrh,1/5/11
Rosaline,Flello,rflellord@vk.com,R8xYERnGFea,2/19/84
Corrie,Lambert-Ciorwyn,clambertciorwynre@springer.com,T3pe0w62Z,5/9/03
Dolly,Eilles,deillesrf@hud.gov,HEYzM4,5/31/77
Sydney,Jasik,sjasikrg@noaa.gov,vkBBpmlvFZ,5/9/80
Bibbie,Mordecai,bmordecairh@mlb.com,xTV3h3LzRg,1/19/96
Gerik,Godbehere,ggodbehereri@bbc.co.uk,Es1amn,3/28/66
Padraig,Saltwell,psaltwellrj@icio.us,WntsSSw0JY,6/5/93
Fredek,Rawne,frawnerk@constantcontact.com,8rid4oS,9/1/65
Avril,Springett,aspringettrl@google.de,R1GG5HT3Hj,7/1/98
Barrie,Jeckell,bjeckellrm@ustream.tv,y3BjTNlit4,3/19/76
Ivy,Liccardi,iliccardirn@odnoklassniki.ru,lVy9Kbxc9,3/15/65
Camala,Doddrell,cdoddrellro@exblog.jp,4Zuvoa7,10/22/82
Vinita,Cullum,vcullumrp@adobe.com,E5zqDhB98,6/1/82
Stavro,Cars,scarsrq@hc360.com,cndYbu6B,10/27/81
Rubin,Byers,rbyersrr@mapquest.com,zwijiA2,4/27/02